{
  "depth_by_size": {
    "1600x1200": {
      "width": 1600,
      "height": 1200,
      "intrinsic": {
        "fx": 1426.4486083984375,
        "fy": 1426.3779296875,
        "cx": 795.8963623046875,
        "cy": 588.158935546875,
        "width": 1600,
        "height": 1200
      },
      "distortion": {
        "k1": 0.0,
        "k2": 0.0,
        "k3": 0.0,
        "k4": 0.0,
        "k5": 0.0,
        "k6": 0.0,
        "p1": 0.0,
        "p2": 0.0
      }
    },
    "800x600": {
      "width": 800,
      "height": 600,
      "intrinsic": {
        "fx": 713.2243041992188,
        "fy": 713.18896484375,
        "cx": 397.44818115234375,
        "cy": 294.0794677734375,
        "width": 800,
        "height": 600
      },
      "distortion": {
        "k1": 0.0,
        "k2": 0.0,
        "k3": 0.0,
        "k4": 0.0,
        "k5": 0.0,
        "k6": 0.0,
        "p1": 0.0,
        "p2": 0.0
      }
    },
    "400x300": {
      "width": 400,
      "height": 300,
      "intrinsic": {
        "fx": 356.6121520996094,
        "fy": 356.594482421875,
        "cx": 198.22409057617188,
        "cy": 147.03973388671875,
        "width": 400,
        "height": 300
      },
      "distortion": {
        "k1": 0.0,
        "k2": 0.0,
        "k3": 0.0,
        "k4": 0.0,
        "k5": 0.0,
        "k6": 0.0,
        "p1": 0.0,
        "p2": 0.0
      }
    }
  },
  "color_by_size": {
    "1280x720": {
      "width": 1280,
      "height": 720,
      "intrinsic": {
        "fx": 833.9400634765625,
        "fy": 834.184814453125,
        "cx": 647.6492919921875,
        "cy": 355.5683898925781,
        "width": 1280,
        "height": 720
      },
      "distortion": {
        "k1": 0.11317045241594315,
        "k2": -0.31774091720581055,
        "k3": 0.24809621274471283,
        "k4": 0.0,
        "k5": 0.0,
        "k6": 0.0,
        "p1": -0.00030133157270029187,
        "p2": 0.00017051385657396168
      }
    },
    "1920x1080": {
      "width": 1920,
      "height": 1080,
      "intrinsic": {
        "fx": 1250.909912109375,
        "fy": 1251.277099609375,
        "cx": 970.8739624023438,
        "cy": 533.3525390625,
        "width": 1920,
        "height": 1080
      },
      "distortion": {
        "k1": 0.11317045241594315,
        "k2": -0.31774091720581055,
        "k3": 0.24809621274471283,
        "k4": 0.0,
        "k5": 0.0,
        "k6": 0.0,
        "p1": -0.00030133157270029187,
        "p2": 0.00017051385657396168
      }
    },
    "1440x1080": {
      "width": 1440,
      "height": 1080,
      "intrinsic": {
        "fx": 1250.909912109375,
        "fy": 1251.277099609375,
        "cx": 750.8739624023438,
        "cy": 533.3525390625,
        "width": 1440,
        "height": 1080
      },
      "distortion": {
        "k1": 0.11317045241594315,
        "k2": -0.31774091720581055,
        "k3": 0.24809621274471283,
        "k4": 0.0,
        "k5": 0.0,
        "k6": 0.0,
        "p1": -0.00030133157270029187,
        "p2": 0.00017051385657396168
      }
    },
    "1280x960": {
      "width": 1280,
      "height": 960,
      "intrinsic": {
        "fx": 1111.919921875,
        "fy": 1112.246337890625,
        "cx": 667.3323974609375,
        "cy": 474.0911865234375,
        "width": 1280,
        "height": 960
      },
      "distortion": {
        "k1": 0.11317045241594315,
        "k2": -0.31774091720581055,
        "k3": 0.24809621274471283,
        "k4": 0.0,
        "k5": 0.0,
        "k6": 0.0,
        "p1": -0.00030133157270029187,
        "p2": 0.00017051385657396168
      }
    },
    "800x600": {
      "width": 800,
      "height": 600,
      "intrinsic": {
        "fx": 694.9500122070312,
        "fy": 695.1539916992188,
        "cx": 416.7077331542969,
        "cy": 296.3069763183594,
        "width": 800,
        "height": 600
      },
      "distortion": {
        "k1": 0.11317045241594315,
        "k2": -0.31774091720581055,
        "k3": 0.24809621274471283,
        "k4": 0.0,
        "k5": 0.0,
        "k6": 0.0,
        "p1": -0.00030133157270029187,
        "p2": 0.00017051385657396168
      }
    },
    "640x480": {
      "width": 640,
      "height": 480,
      "intrinsic": {
        "fx": 555.9599609375,
        "fy": 556.1231689453125,
        "cx": 333.16619873046875,
        "cy": 237.04559326171875,
        "width": 640,
        "height": 480
      },
      "distortion": {
        "k1": 0.11317045241594315,
        "k2": -0.31774091720581055,
        "k3": 0.24809621274471283,
        "k4": 0.0,
        "k5": 0.0,
        "k6": 0.0,
        "p1": -0.00030133157270029187,
        "p2": 0.00017051385657396168
      }
    },
    "640x360": {
      "width": 640,
      "height": 360,
      "intrinsic": {
        "fx": 416.97003173828125,
        "fy": 417.0924072265625,
        "cx": 323.024658203125,
        "cy": 177.78419494628906,
        "width": 640,
        "height": 360
      },
      "distortion": {
        "k1": 0.11317045241594315,
        "k2": -0.31774091720581055,
        "k3": 0.24809621274471283,
        "k4": 0.0,
        "k5": 0.0,
        "k6": 0.0,
        "p1": -0.00030133157270029187,
        "p2": 0.00017051385657396168
      }
    },
    "400x300": {
      "width": 400,
      "height": 300,
      "intrinsic": {
        "fx": 347.4750061035156,
        "fy": 347.5769958496094,
        "cx": 207.85386657714844,
        "cy": 148.1534881591797,
        "width": 400,
        "height": 300
      },
      "distortion": {
        "k1": 0.11317045241594315,
        "k2": -0.31774091720581055,
        "k3": 0.24809621274471283,
        "k4": 0.0,
        "k5": 0.0,
        "k6": 0.0,
        "p1": -0.00030133157270029187,
        "p2": 0.00017051385657396168
      }
    },
    "320x240": {
      "width": 320,
      "height": 240,
      "intrinsic": {
        "fx": 277.97998046875,
        "fy": 278.06158447265625,
        "cx": 166.08309936523438,
        "cy": 118.52279663085938,
        "width": 320,
        "height": 240
      },
      "distortion": {
        "k1": 0.11317045241594315,
        "k2": -0.31774091720581055,
        "k3": 0.24809621274471283,
        "k4": 0.0,
        "k5": 0.0,
        "k6": 0.0,
        "p1": -0.00030133157270029187,
        "p2": 0.00017051385657396168
      }
    },
    "320x180": {
      "width": 320,
      "height": 180,
      "intrinsic": {
        "fx": 208.48501586914062,
        "fy": 208.54620361328125,
        "cx": 161.7123260498047,
        "cy": 88.89209747314453,
        "width": 320,
        "height": 180
      },
      "distortion": {
        "k1": 0.11317045241594315,
        "k2": -0.31774091720581055,
        "k3": 0.24809621274471283,
        "k4": 0.0,
        "k5": 0.0,
        "k6": 0.0,
        "p1": -0.00030133157270029187,
        "p2": 0.00017051385657396168
      }
    }
  },
  "extrinsics": {
    "depth_to_color": {
      "rotation": [
        0.999986469745636,
        -0.005187368951737881,
        -0.00033143837936222553,
        0.0051861717365682125,
        0.9999803900718689,
        -0.003515961579978466,
        0.00034967047395184636,
        0.003514195093885064,
        0.9999937415122986
      ],
      "translation": [
        -18.654224395751953,
        -0.23279854655265808,
        -2.2573931217193604
      ]
    }
  }
}